name,park_name,park_link,sq,park_lat,park_long
Тверской,Тайницкий сад,https://ru.wikipedia.org//wiki/%D0%A2%D0%B0%D0%B9%D0%BD%D0%B8%D1%86%D0%BA%D0%B8%D0%B9_%D1%81%D0%B0%D0%B4,"5,1",55.7503,37.6206
Тверской,Александровский сад,https://ru.wikipedia.org//wiki/%D0%90%D0%BB%D0%B5%D0%BA%D1%81%D0%B0%D0%BD%D0%B4%D1%80%D0%BE%D0%B2%D1%81%D0%BA%D0%B8%D0%B9_%D1%81%D0%B0%D0%B4_(%D0%9C%D0%BE%D1%81%D0%BA%D0%B2%D0%B0),"9,54",55.752345,37.613701
Басманный,Сад им. Баумана,https://ru.wikipedia.org//wiki/%D0%A1%D0%B0%D0%B4_%D0%B8%D0%BC._%D0%91%D0%B0%D1%83%D0%BC%D0%B0%D0%BD%D0%B0,"4,95",55.7675,37.65889
Басманный,Милютинский сад,https://ru.wikipedia.org//wiki/%D0%9C%D0%B8%D0%BB%D1%8E%D1%82%D0%B8%D0%BD%D1%81%D0%BA%D0%B8%D0%B9_%D1%81%D0%B0%D0%B4,"0,91",55.75611,37.64667
Басманный,Морозовский сад,https://ru.wikipedia.org//wiki/%D0%9C%D0%BE%D1%80%D0%BE%D0%B7%D0%BE%D0%B2%D1%81%D0%BA%D0%B8%D0%B9_%D1%81%D0%B0%D0%B4,"0,46",55.7554361,37.6435472
Басманный,Парк в Спасоглинищевском переулке,https://ru.wikipedia.org//wiki/%D0%9F%D0%B0%D1%80%D0%BA_%D0%B2_%D0%A1%D0%BF%D0%B0%D1%81%D0%BE%D0%B3%D0%BB%D0%B8%D0%BD%D0%B8%D1%89%D0%B5%D0%B2%D1%81%D0%BA%D0%BE%D0%BC_%D0%BF%D0%B5%D1%80%D0%B5%D1%83%D0%BB%D0%BA%D0%B5,"2,7",55.75583,37.63639
Мещанский,Фестивальный парк,https://ru.wikipedia.org//wiki/%D0%A4%D0%B5%D1%81%D1%82%D0%B8%D0%B2%D0%B0%D0%BB%D1%8C%D0%BD%D1%8B%D0%B9_%D0%BF%D0%B0%D1%80%D0%BA,"12,60",55.7907,37.6193
Мещанский,Екатерининский парк,https://ru.wikipedia.org//wiki/%D0%95%D0%BA%D0%B0%D1%82%D0%B5%D1%80%D0%B8%D0%BD%D0%B8%D0%BD%D1%81%D0%BA%D0%B8%D0%B9_%D0%BF%D0%B0%D1%80%D0%BA_(%D0%9C%D0%BE%D1%81%D0%BA%D0%B2%D0%B0),14,55.78395389,37.62125611
Мещанский,Екатерининский сквер,https://ru.wikipedia.org//wiki/%D0%95%D0%BA%D0%B0%D1%82%D0%B5%D1%80%D0%B8%D0%BD%D0%B8%D0%BD%D1%81%D0%BA%D0%B8%D0%B9_%D1%81%D0%BA%D0%B2%D0%B5%D1%80_(%D0%9C%D0%BE%D1%81%D0%BA%D0%B2%D0%B0),"2,04",55.779778,37.618194
Мещанский,Аптекарский огород,https://ru.wikipedia.org//wiki/%D0%90%D0%BF%D1%82%D0%B5%D0%BA%D0%B0%D1%80%D1%81%D0%BA%D0%B8%D0%B9_%D0%BE%D0%B3%D0%BE%D1%80%D0%BE%D0%B4,"6,7",55.7783806,37.6358111
Пресненский,Красная Пресня,https://ru.wikipedia.org//wiki/%D0%9A%D1%80%D0%B0%D1%81%D0%BD%D0%B0%D1%8F_%D0%9F%D1%80%D0%B5%D1%81%D0%BD%D1%8F_(%D0%BF%D0%B0%D1%80%D0%BA),"13,78",55.7542,37.5528
Пресненский,Сад «Аквариум»,https://ru.wikipedia.org//wiki/%D0%90%D0%BA%D0%B2%D0%B0%D1%80%D0%B8%D1%83%D0%BC_(%D1%81%D0%B0%D0%B4),"1,08",55.7675,37.59528
Пресненский,Детский парк «Пресненский»,https://ru.wikipedia.org//wiki/%D0%9F%D1%80%D0%B5%D1%81%D0%BD%D0%B5%D0%BD%D1%81%D0%BA%D0%B8%D0%B9_(%D0%BF%D0%B0%D1%80%D0%BA),"3,25",55.75667,37.57361
Пресненский,Сквер «Патриаршие пруды»,https://ru.wikipedia.org//wiki/%D0%9F%D0%B0%D1%82%D1%80%D0%B8%D0%B0%D1%80%D1%88%D0%B8%D0%B5_%D0%BF%D1%80%D1%83%D0%B4%D1%8B,"2,37",55.7639,37.5919
Пресненский,Московский зоопарк,https://ru.wikipedia.org//wiki/%D0%9C%D0%BE%D1%81%D0%BA%D0%BE%D0%B2%D1%81%D0%BA%D0%B8%D0%B9_%D0%B7%D0%BE%D0%BE%D0%BF%D0%B0%D1%80%D0%BA,10,55.761944444444,37.577222222222
Пресненский,Парк Декабрьского восстания,https://ru.wikipedia.org//wiki/%D0%9F%D0%B0%D1%80%D0%BA_%D0%94%D0%B5%D0%BA%D0%B0%D0%B1%D1%80%D1%8C%D1%81%D0%BA%D0%BE%D0%B3%D0%BE_%D0%B2%D0%BE%D1%81%D1%81%D1%82%D0%B0%D0%BD%D0%B8%D1%8F,"6,61",55.76083,37.56028
Таганский,Таганский парк,https://ru.wikipedia.org//wiki/%D0%A2%D0%B0%D0%B3%D0%B0%D0%BD%D1%81%D0%BA%D0%B8%D0%B9_%D0%BF%D0%B0%D1%80%D0%BA_(%D0%9C%D0%BE%D1%81%D0%BA%D0%B2%D0%B0),"7,3",55.7375,37.6672
Тверской,Сад Эрмитаж,https://ru.wikipedia.org//wiki/%D0%A1%D0%B0%D0%B4_%D0%AD%D1%80%D0%BC%D0%B8%D1%82%D0%B0%D0%B6,"4,90",55.7707806,37.60944
Хамовники,Сквер Девичьего поля,https://ru.wikipedia.org//wiki/%D0%A1%D0%BA%D0%B2%D0%B5%D1%80_%D0%94%D0%B5%D0%B2%D0%B8%D1%87%D1%8C%D0%B5%D0%B3%D0%BE_%D0%BF%D0%BE%D0%BB%D1%8F,"10,10",55.73583,37.57694
Якиманка,Парк искусств,https://ru.wikipedia.org//wiki/%D0%9F%D0%B0%D1%80%D0%BA_%D0%B8%D1%81%D0%BA%D1%83%D1%81%D1%81%D1%82%D0%B2,"23,46",55.735554,37.607916
Якиманка,Парк культуры им. Горького,https://ru.wikipedia.org//wiki/%D0%A6%D0%B5%D0%BD%D1%82%D1%80%D0%B0%D0%BB%D1%8C%D0%BD%D1%8B%D0%B9_%D0%BF%D0%B0%D1%80%D0%BA_%D0%BA%D1%83%D0%BB%D1%8C%D1%82%D1%83%D1%80%D1%8B_%D0%B8_%D0%BE%D1%82%D0%B4%D1%8B%D1%85%D0%B0_%D0%B8%D0%BC._%D0%93%D0%BE%D1%80%D1%8C%D0%BA%D0%BE%D0%B3%D0%BE_(%D0%9C%D0%BE%D1%81%D0%BA%D0%B2%D0%B0),100,55.7311694,37.6031972
Якиманка,Нескучный сад,https://ru.wikipedia.org//wiki/%D0%9D%D0%B5%D1%81%D0%BA%D1%83%D1%87%D0%BD%D1%8B%D0%B9_%D1%81%D0%B0%D0%B4,"59,3",55.71611,37.58806
Аэропорт,Петровский парк,https://ru.wikipedia.org//wiki/%D0%9F%D0%B5%D1%82%D1%80%D0%BE%D0%B2%D1%81%D0%BA%D0%B8%D0%B9_%D0%BF%D0%B0%D1%80%D0%BA_(%D0%9C%D0%BE%D1%81%D0%BA%D0%B2%D0%B0),22,55.7933917,37.5562056
Бескудниковский,Парк имени Святослава Фёдорова,https://ru.wikipedia.org//wiki/%D0%9F%D0%B0%D1%80%D0%BA_%D0%B8%D0%BC%D0%B5%D0%BD%D0%B8_%D0%A1%D0%B2%D1%8F%D1%82%D0%BE%D1%81%D0%BB%D0%B0%D0%B2%D0%B0_%D0%A4%D1%91%D0%B4%D0%BE%D1%80%D0%BE%D0%B2%D0%B0,"16,7",55.865,37.55
Войковский,Парк имени Воровского,https://ru.wikipedia.org//wiki/%D0%9F%D0%B0%D1%80%D0%BA_%D0%B8%D0%BC%D0%B5%D0%BD%D0%B8_%D0%92%D0%BE%D1%80%D0%BE%D0%B2%D1%81%D0%BA%D0%BE%D0%B3%D0%BE,"8,2",55.819778,37.5016167
Восточное Дегунино,Парк «Северные Дубки»,https://ru.wikipedia.org//wiki/%D0%A1%D0%B5%D0%B2%D0%B5%D1%80%D0%BD%D1%8B%D0%B5_%D0%94%D1%83%D0%B1%D0%BA%D0%B8,"8,4",55.88889,37.565
Дмитровский,Парк «Дмитровский»,https://ru.wikipedia.org//wiki/%D0%9F%D0%B0%D1%80%D0%BA_%C2%AB%D0%94%D0%BC%D0%B8%D1%82%D1%80%D0%BE%D0%B2%D1%81%D0%BA%D0%B8%D0%B9%C2%BB,,55.8783,37.53
Дмитровский,Парк «Вагоноремонт»,https://ru.wikipedia.org//wiki/%D0%9F%D0%B0%D1%80%D0%BA_%C2%AB%D0%92%D0%B0%D0%B3%D0%BE%D0%BD%D0%BE%D1%80%D0%B5%D0%BC%D0%BE%D0%BD%D1%82%C2%BB,"9,61",55.88778,37.53167
Дмитровский,Ангарские пруды,https://ru.wikipedia.org//wiki/%D0%90%D0%BD%D0%B3%D0%B0%D1%80%D1%81%D0%BA%D0%B8%D0%B5_%D0%BF%D1%80%D1%83%D0%B4%D1%8B,"45,7",55.88,37.53111
Левобережный,Парк Северного речного вокзала,https://ru.wikipedia.org//wiki/%D0%9F%D0%B0%D1%80%D0%BA_%D0%A1%D0%B5%D0%B2%D0%B5%D1%80%D0%BD%D0%BE%D0%B3%D0%BE_%D1%80%D0%B5%D1%87%D0%BD%D0%BE%D0%B3%D0%BE_%D0%B2%D0%BE%D0%BA%D0%B7%D0%B0%D0%BB%D0%B0,"40,8",55.8515972,37.4694861
Левобережный,Парк Дружбы,https://ru.wikipedia.org//wiki/%D0%9F%D0%B0%D1%80%D0%BA_%D0%94%D1%80%D1%83%D0%B6%D0%B1%D1%8B,51,55.85306,37.48056
Сокол,Мемориальный парк,https://ru.wikipedia.org//wiki/%D0%9C%D0%B5%D0%BC%D0%BE%D1%80%D0%B8%D0%B0%D0%BB%D1%8C%D0%BD%D0%BE-%D0%BF%D0%B0%D1%80%D0%BA%D0%BE%D0%B2%D1%8B%D0%B9_%D0%BA%D0%BE%D0%BC%D0%BF%D0%BB%D0%B5%D0%BA%D1%81_%D0%B3%D0%B5%D1%80%D0%BE%D0%B5%D0%B2_%D0%9F%D0%B5%D1%80%D0%B2%D0%BE%D0%B9_%D0%BC%D0%B8%D1%80%D0%BE%D0%B2%D0%BE%D0%B9_%D0%B2%D0%BE%D0%B9%D0%BD%D1%8B,"11,2",55.79972,37.512556
Тимирязевский,Тимирязевский парк,https://ru.wikipedia.org//wiki/%D0%A2%D0%B8%D0%BC%D0%B8%D1%80%D1%8F%D0%B7%D0%B5%D0%B2%D1%81%D0%BA%D0%B8%D0%B9_%D0%BF%D0%B0%D1%80%D0%BA,232,55.819,37.545
Тимирязевский,Парк «Дубки»,"https://ru.wikipedia.org//wiki/%D0%94%D1%83%D0%B1%D0%BA%D0%B8_(%D0%BF%D0%B0%D1%80%D0%BA,_%D0%9C%D0%BE%D1%81%D0%BA%D0%B2%D0%B0)",18,55.82056,37.56639
Ховрино,Грачёвский парк,https://ru.wikipedia.org//wiki/%D0%93%D1%80%D0%B0%D1%87%D1%91%D0%B2%D1%81%D0%BA%D0%B8%D0%B9_%D0%BF%D0%B0%D1%80%D0%BA,"19,2",55.8658,37.5067
Хорошёвский,Парк «Берёзовая роща»,"https://ru.wikipedia.org//wiki/%D0%91%D0%B5%D1%80%D1%91%D0%B7%D0%BE%D0%B2%D0%B0%D1%8F_%D0%A0%D0%BE%D1%89%D0%B0_(%D0%BF%D0%B0%D1%80%D0%BA,_%D0%9C%D0%BE%D1%81%D0%BA%D0%B2%D0%B0)",31,55.7875,37.515111
Хорошёвский,Чапаевский парк,https://ru.wikipedia.org//wiki/%D0%A7%D0%B0%D0%BF%D0%B0%D0%B5%D0%B2%D1%81%D0%BA%D0%B8%D0%B9_%D0%BF%D0%B0%D1%80%D0%BA,6,55.8010889,37.5215722
Бибирево,Лианозовский питомник,https://ru.wikipedia.org//wiki/%D0%9B%D0%B8%D0%B0%D0%BD%D0%BE%D0%B7%D0%BE%D0%B2%D1%81%D0%BA%D0%B8%D0%B9_%D0%BF%D0%B8%D1%82%D0%BE%D0%BC%D0%BD%D0%B8%D0%BA,"121,2",55.9,37.6
Лианозово,Лианозовский лесопарк,https://ru.wikipedia.org//wiki/%D0%9B%D0%B8%D0%B0%D0%BD%D0%BE%D0%B7%D0%BE%D0%B2%D1%81%D0%BA%D0%B8%D0%B9_%D0%BB%D0%B5%D1%81%D0%BE%D0%BF%D0%B0%D1%80%D0%BA,41,55.90028,37.5625
Лианозово,ПКиО «Лианозово»,https://ru.wikipedia.org//wiki/%D0%9B%D0%B8%D0%B0%D0%BD%D0%BE%D0%B7%D0%BE%D0%B2%D0%BE_(%D0%BF%D0%B0%D1%80%D0%BA_%D0%BA%D1%83%D0%BB%D1%8C%D1%82%D1%83%D1%80%D1%8B_%D0%B8_%D0%BE%D1%82%D0%B4%D1%8B%D1%85%D0%B0),40,55.90028,37.57111
Лосиноостровский,Бабушкинский парк,https://ru.wikipedia.org//wiki/%D0%91%D0%B0%D0%B1%D1%83%D1%88%D0%BA%D0%B8%D0%BD%D1%81%D0%BA%D0%B8%D0%B9_%D0%BF%D0%B0%D1%80%D0%BA,"6,6",55.8675,37.68306
Лосиноостровский,Парк у Джамгаровского пруда,https://ru.wikipedia.org//wiki/%D0%94%D0%B6%D0%B0%D0%BC%D0%B3%D0%B0%D1%80%D0%BE%D0%B2%D1%81%D0%BA%D0%B8%D0%B9_%D0%BF%D1%80%D1%83%D0%B4,"47,3",55.889,37.692
Останкинский,Выставка достижений народного хозяйства,https://ru.wikipedia.org//wiki/%D0%92%D1%8B%D1%81%D1%82%D0%B0%D0%B2%D0%BA%D0%B0_%D0%B4%D0%BE%D1%81%D1%82%D0%B8%D0%B6%D0%B5%D0%BD%D0%B8%D0%B9_%D0%BD%D0%B0%D1%80%D0%BE%D0%B4%D0%BD%D0%BE%D0%B3%D0%BE_%D1%85%D0%BE%D0%B7%D1%8F%D0%B9%D1%81%D1%82%D0%B2%D0%B0,"237,5",55.82452,37.638958
Останкинский,Главный ботанический сад имени Н. В. Цицина РАН,https://ru.wikipedia.org//wiki/%D0%93%D0%BB%D0%B0%D0%B2%D0%BD%D1%8B%D0%B9_%D0%B1%D0%BE%D1%82%D0%B0%D0%BD%D0%B8%D1%87%D0%B5%D1%81%D0%BA%D0%B8%D0%B9_%D1%81%D0%B0%D0%B4_%D0%B8%D0%BC%D0%B5%D0%BD%D0%B8_%D0%9D._%D0%92._%D0%A6%D0%B8%D1%86%D0%B8%D0%BD%D0%B0_%D0%A0%D0%90%D0%9D,361,55.8392,37.6008
Останкинский,Парк Останкино,https://ru.wikipedia.org//wiki/%D0%9E%D1%81%D1%82%D0%B0%D0%BD%D0%BA%D0%B8%D0%BD%D0%BE_(%D0%BF%D0%B0%D1%80%D0%BA),65,55.8247,37.6144
Отрадное,Парк «Отрада»,https://ru.wikipedia.org//wiki/%D0%9F%D0%B0%D1%80%D0%BA_%C2%AB%D0%9E%D1%82%D1%80%D0%B0%D0%B4%D0%B0%C2%BB,"1,2",55.8525,37.5875
Ростокино,Леоновский парк,https://ru.wikipedia.org//wiki/%D0%9B%D0%B5%D0%BE%D0%BD%D0%BE%D0%B2%D0%BE_(%D0%BF%D0%B0%D1%80%D0%BA),,55.84222,37.64083
Северный,Парк у Долгих прудов,https://ru.wikipedia.org//wiki/%D0%94%D0%BE%D0%BB%D0%B3%D0%B8%D0%B5_%D0%BF%D1%80%D1%83%D0%B4%D1%8B,"15,1",55.938466,37.541548
Лосиноостровский,Парк «Торфянка»,https://ru.wikipedia.org//wiki/%D0%A2%D0%BE%D1%80%D1%84%D1%8F%D0%BD%D0%BA%D0%B0_(%D0%BF%D0%B0%D1%80%D0%BA),"16,6",55.875,37.68444
Бибирево,Этнографическая деревня Бибирево,https://ru.wikipedia.org//wiki/%D0%AD%D1%82%D0%BD%D0%BE%D0%B3%D1%80%D0%B0%D1%84%D0%B8%D1%87%D0%B5%D1%81%D0%BA%D0%B0%D1%8F_%D0%B4%D0%B5%D1%80%D0%B5%D0%B2%D0%BD%D1%8F_%D0%91%D0%B8%D0%B1%D0%B8%D1%80%D0%B5%D0%B2%D0%BE,"9,58",55.89531,37.62174
"Богородское, Гольяново, Метрогородок",Лосиный Остров,https://ru.wikipedia.org//wiki/%D0%9B%D0%BE%D1%81%D0%B8%D0%BD%D1%8B%D0%B9_%D0%9E%D1%81%D1%82%D1%80%D0%BE%D0%B2,12000(3077 в Москве),55.85833,37.81444
Гольяново,Гольяновский парк,https://ru.wikipedia.org//wiki/%D0%93%D0%BE%D0%BB%D1%8C%D1%8F%D0%BD%D0%BE%D0%B2%D1%81%D0%BA%D0%B8%D0%B9_%D0%BF%D0%B0%D1%80%D0%BA,20,55.82139,37.80639
Вешняки,Лесопарк Кусково,https://ru.wikipedia.org//wiki/%D0%9A%D1%83%D1%81%D0%BA%D0%BE%D0%B2%D0%BE_(%D0%BB%D0%B5%D1%81%D0%BE%D0%BF%D0%B0%D1%80%D0%BA),"310,6",55.75139,37.80056
Вешняки,Парк «Радуга»,https://ru.wikipedia.org//wiki/%D0%A0%D0%B0%D0%B4%D1%83%D0%B3%D0%B0_(%D0%BF%D0%B0%D1%80%D0%BA),"33,53",55.731583,37.8198361
"Восточное Измайлово, Измайлово",Измайловский парк,https://ru.wikipedia.org//wiki/%D0%98%D0%B7%D0%BC%D0%B0%D0%B9%D0%BB%D0%BE%D0%B2%D1%81%D0%BA%D0%B8%D0%B9_%D0%BF%D0%B0%D1%80%D0%BA,1534,55.78,37.78
Ивановское,Терлецкий парк,https://ru.wikipedia.org//wiki/%D0%A2%D0%B5%D1%80%D0%BB%D0%B5%D1%86%D0%BA%D0%B8%D0%B9_%D0%BF%D0%B0%D1%80%D0%BA,141,55.765,37.8161
Перово,Перовский парк,https://ru.wikipedia.org//wiki/%D0%9F%D0%B5%D1%80%D0%BE%D0%B2%D1%81%D0%BA%D0%B8%D0%B9_%D0%BF%D0%B0%D1%80%D0%BA,22,55.7431222,37.7730361
Преображенское,Черкизовский парк,https://ru.wikipedia.org//wiki/%D0%9F%D1%80%D0%B8%D1%80%D0%BE%D0%B4%D0%BD%D0%BE-%D0%B8%D1%81%D1%82%D0%BE%D1%80%D0%B8%D1%87%D0%B5%D1%81%D0%BA%D0%B8%D0%B9_%D0%BF%D0%B0%D1%80%D0%BA_%C2%AB%D0%A7%D0%B5%D1%80%D0%BA%D0%B8%D0%B7%D0%BE%D0%B2%D1%81%D0%BA%D0%B8%D0%B9%C2%BB,"8,9",55.80278,37.73556
Сокольники,Парк Сокольники,https://ru.wikipedia.org//wiki/%D0%A1%D0%BE%D0%BA%D0%BE%D0%BB%D1%8C%D0%BD%D0%B8%D0%BA%D0%B8_(%D0%BF%D0%B0%D1%80%D0%BA),594,55.80028,37.67417
Косино-Ухтомский,Косинский парк,https://ru.wikipedia.org//wiki/%D0%9F%D1%80%D0%B8%D1%80%D0%BE%D0%B4%D0%BD%D0%BE-%D0%B8%D1%81%D1%82%D0%BE%D1%80%D0%B8%D1%87%D0%B5%D1%81%D0%BA%D0%B8%D0%B9_%D0%BF%D0%B0%D1%80%D0%BA_%C2%AB%D0%9A%D0%BE%D1%81%D0%B8%D0%BD%D1%81%D0%BA%D0%B8%D0%B9%C2%BB,335,55.72222,37.84806
"Выхино-Жулебино, Кузьминки, Люблино",Кузьминский лесопарк,https://ru.wikipedia.org//wiki/%D0%9A%D1%83%D0%B7%D1%8C%D0%BC%D0%B8%D0%BD%D1%81%D0%BA%D0%B8%D0%B9_%D0%BB%D0%B5%D1%81%D0%BE%D0%BF%D0%B0%D1%80%D0%BA,1189,55.69,37.79
Лефортово,Лефортовский парк,https://ru.wikipedia.org//wiki/%D0%9B%D0%B5%D1%84%D0%BE%D1%80%D1%82%D0%BE%D0%B2%D1%81%D0%BA%D0%B8%D0%B9_%D0%BF%D0%B0%D1%80%D0%BA,32,55.765,37.69083
Люблино,Люблинский парк,https://ru.wikipedia.org//wiki/%D0%9B%D1%8E%D0%B1%D0%BB%D0%B8%D0%BD%D1%81%D0%BA%D0%B8%D0%B9_%D0%BF%D0%B0%D1%80%D0%BA,91,55.69056,37.75556
Марьино,Братиславский парк,https://ru.wikipedia.org//wiki/%D0%91%D1%80%D0%B0%D1%82%D0%B8%D1%81%D0%BB%D0%B0%D0%B2%D1%81%D0%BA%D0%B8%D0%B9_%D0%BF%D0%B0%D1%80%D0%BA,7,55.6538639,37.7525889
Марьино,Парк имени 850-летия Москвы,https://ru.wikipedia.org//wiki/%D0%9F%D0%B0%D1%80%D0%BA_%D0%B8%D0%BC%D0%B5%D0%BD%D0%B8_850-%D0%BB%D0%B5%D1%82%D0%B8%D1%8F_%D0%9C%D0%BE%D1%81%D0%BA%D0%B2%D1%8B,85,55.643,37.75
Марьино,Дюссельдорфский парк,https://ru.wikipedia.org//wiki/%D0%94%D1%8E%D1%81%D1%81%D0%B5%D0%BB%D1%8C%D0%B4%D0%BE%D1%80%D1%84%D1%81%D0%BA%D0%B8%D0%B9_%D0%BF%D0%B0%D1%80%D0%BA,"9,4",55.6614,37.7694
Марьино,Парк имени Артёма Боровика,https://ru.wikipedia.org//wiki/%D0%9F%D0%B0%D1%80%D0%BA_%D0%B8%D0%BC%D0%B5%D0%BD%D0%B8_%D0%90%D1%80%D1%82%D1%91%D0%BC%D0%B0_%D0%91%D0%BE%D1%80%D0%BE%D0%B2%D0%B8%D0%BA%D0%B0,"10,75",55.66139,37.75583
Печатники,Таллинский парк,https://ru.wikipedia.org//wiki/%D0%A2%D0%B0%D0%BB%D0%BB%D0%B8%D0%BD%D1%81%D0%BA%D0%B8%D0%B9_%D0%BF%D0%B0%D1%80%D0%BA,20,55.6837,37.71
Печатники,Парк технических видов спорта,https://ru.wikipedia.org//wiki/%D0%9F%D0%B0%D1%80%D0%BA_%D1%82%D0%B5%D1%85%D0%BD%D0%B8%D1%87%D0%B5%D1%81%D0%BA%D0%B8%D1%85_%D0%B2%D0%B8%D0%B4%D0%BE%D0%B2_%D1%81%D0%BF%D0%BE%D1%80%D1%82%D0%B0,"27,4",55.653444,37.677389
Текстильщики,Пруд «Садки»,https://ru.wikipedia.org//wiki/%D0%A1%D0%B0%D0%B4%D0%BA%D0%B8_(%D0%BF%D1%80%D1%83%D0%B4),"7,9",55.7056,37.7336
Бирюлёво Восточное,Бирюлёвский дендрарий,https://ru.wikipedia.org//wiki/%D0%91%D0%B8%D1%80%D1%8E%D0%BB%D1%91%D0%B2%D1%81%D0%BA%D0%B8%D0%B9_%D0%B4%D0%B5%D0%BD%D0%B4%D1%80%D0%B0%D1%80%D0%B8%D0%B9,"135,3",55.59694,37.67944
Бирюлёво Восточное,Бирюлёвский лесопарк,https://ru.wikipedia.org//wiki/%D0%91%D0%B8%D1%80%D1%8E%D0%BB%D1%91%D0%B2%D1%81%D0%BA%D0%B8%D0%B9_%D0%BB%D0%B5%D1%81%D0%BE%D0%BF%D0%B0%D1%80%D0%BA,165,55.595,37.6931
"Бирюлёво Восточное, Орехово-Борисово Северное",Царицыно,https://ru.wikipedia.org//wiki/%D0%A6%D0%B0%D1%80%D0%B8%D1%86%D1%8B%D0%BD%D0%BE_(%D0%B4%D0%B2%D0%BE%D1%80%D1%86%D0%BE%D0%B2%D0%BE-%D0%BF%D0%B0%D1%80%D0%BA%D0%BE%D0%B2%D1%8B%D0%B9_%D0%B0%D0%BD%D1%81%D0%B0%D0%BC%D0%B1%D0%BB%D1%8C),700,55.61611,37.68278
Братеево,Братеевская пойма,https://ru.wikipedia.org//wiki/%D0%91%D1%80%D0%B0%D1%82%D0%B5%D0%B5%D0%B2%D1%81%D0%BA%D0%B0%D1%8F_%D0%BF%D0%BE%D0%B9%D0%BC%D0%B0,80,55.6375,37.7797
"Братеево, Москворечье-Сабурово",Братеевский каскадный парк,https://ru.wikipedia.org//wiki/%D0%91%D1%80%D0%B0%D1%82%D0%B5%D0%B5%D0%B2%D1%81%D0%BA%D0%B8%D0%B9_%D0%BA%D0%B0%D1%81%D0%BA%D0%B0%D0%B4%D0%BD%D1%8B%D0%B9_%D0%BF%D0%B0%D1%80%D0%BA,18,55.6378,37.7344
"Москворечье-Сабурово, Орехово-Борисово Северное",Борисовские пруды,https://ru.wikipedia.org//wiki/%D0%91%D0%BE%D1%80%D0%B8%D1%81%D0%BE%D0%B2%D1%81%D0%BA%D0%B8%D0%B5_%D0%BF%D1%80%D1%83%D0%B4%D1%8B,237,55.6317,37.7136
Нагатинский Затон,Коломенское,https://ru.wikipedia.org//wiki/%D0%9A%D0%BE%D0%BB%D0%BE%D0%BC%D0%B5%D0%BD%D1%81%D0%BA%D0%BE%D0%B5,390,55.66944,37.66889
Нагатинский Затон,Нагатинская пойма,https://ru.wikipedia.org//wiki/%D0%9D%D0%B0%D0%B3%D0%B0%D1%82%D0%B8%D0%BD%D1%81%D0%BA%D0%B0%D1%8F_%D0%BF%D0%BE%D0%B9%D0%BC%D0%B0,100,55.6939,37.6717
Нагатино-Садовники,Парк «Садовники»,https://ru.wikipedia.org//wiki/%D0%A1%D0%B0%D0%B4%D0%BE%D0%B2%D0%BD%D0%B8%D0%BA%D0%B8_(%D0%BF%D0%B0%D1%80%D0%BA),"38,1",55.66194,37.65389
Царицыно,Аршиновский парк,https://ru.wikipedia.org//wiki/%D0%90%D1%80%D1%88%D0%B8%D0%BD%D0%BE%D0%B2%D1%81%D0%BA%D0%B8%D0%B9_%D0%BF%D0%B0%D1%80%D0%BA,"12,5",55.6206,37.6542
Чертаново Южное,Аннинский лесопарк,https://ru.wikipedia.org//wiki/%D0%90%D0%BD%D0%BD%D0%B8%D0%BD%D1%81%D0%BA%D0%B8%D0%B9_%D0%BB%D0%B5%D1%81%D0%BE%D0%BF%D0%B0%D1%80%D0%BA,18,55.58,37.60361
Царицыно,Сосенки,https://ru.wikipedia.org//wiki/%D0%A1%D0%BE%D1%81%D0%B5%D0%BD%D0%BA%D0%B8_(%D0%BF%D0%B0%D1%80%D0%BA_%D0%B2_%D0%A6%D0%B0%D1%80%D0%B8%D1%86%D1%8B%D0%BD%D0%BE),11,55.6272,37.6607
Котловка,Коробковский сад,https://ru.wikipedia.org//wiki/%D0%9A%D0%BE%D1%80%D0%BE%D0%B1%D0%BA%D0%BE%D0%B2%D1%81%D0%BA%D0%B8%D0%B9_%D1%81%D0%B0%D0%B4,"28,1",55.6669,37.6039
Котловка,Парк «Сосенки»,https://ru.wikipedia.org//wiki/%D0%A1%D0%BE%D1%81%D0%B5%D0%BD%D0%BA%D0%B8_(%D0%BF%D0%B0%D1%80%D0%BA),"3,5",55.6681,37.6017
Северное Бутово,Бутовский лесопарк,https://ru.wikipedia.org//wiki/%D0%91%D1%83%D1%82%D0%BE%D0%B2%D1%81%D0%BA%D0%B8%D0%B9_%D0%BB%D0%B5%D1%81%D0%BE%D0%BF%D0%B0%D1%80%D0%BA,276,55.57,37.53
Тёплый Стан,Теплостанский лесопарк,https://ru.wikipedia.org//wiki/%D0%A2%D0%B5%D0%BF%D0%BB%D0%BE%D1%81%D1%82%D0%B0%D0%BD%D1%81%D0%BA%D0%B8%D0%B9_%D0%BB%D0%B5%D1%81%D0%BE%D0%BF%D0%B0%D1%80%D0%BA,280,55.632748,37.496424
Черёмушки,Черёмушки-Знаменское,https://ru.wikipedia.org//wiki/%D0%A7%D0%B5%D1%80%D1%91%D0%BC%D1%83%D1%88%D0%BA%D0%B8-%D0%97%D0%BD%D0%B0%D0%BC%D0%B5%D0%BD%D1%81%D0%BA%D0%BE%D0%B5,280,55.67698611,37.585355
Ясенево,Битцевский лес,https://ru.wikipedia.org//wiki/%D0%91%D0%B8%D1%82%D1%86%D0%B5%D0%B2%D1%81%D0%BA%D0%B8%D0%B9_%D0%BB%D0%B5%D1%81,1800,55.63,37.56278
Ясенево,Голубинский лесопарк,https://ru.wikipedia.org//wiki/%D0%93%D0%BE%D0%BB%D1%83%D0%B1%D0%B8%D0%BD%D1%81%D0%BA%D0%B8%D0%B9_%D0%BB%D0%B5%D1%81%D0%BE%D0%BF%D0%B0%D1%80%D0%BA,"22,1",55.60833,37.50833
Ясенево,Малое Голубино,https://ru.wikipedia.org//wiki/%D0%9C%D0%B0%D0%BB%D0%BE%D0%B5_%D0%93%D0%BE%D0%BB%D1%83%D0%B1%D0%B8%D0%BD%D0%BE,"9,4",55.60833,37.50833
Ясенево,Парк 30-летия района Ясенево,https://ru.wikipedia.org//wiki/%D0%9F%D0%B0%D1%80%D0%BA_30-%D0%BB%D0%B5%D1%82%D0%B8%D1%8F_%D1%80%D0%B0%D0%B9%D0%BE%D0%BD%D0%B0_%D0%AF%D1%81%D0%B5%D0%BD%D0%B5%D0%B2%D0%BE,,55.601472,37.55
"Тропарёво-Никулино, Обручевский район",Юго-Западный лесопарк,https://ru.wikipedia.org//wiki/%D0%AE%D0%B3%D0%BE-%D0%97%D0%B0%D0%BF%D0%B0%D0%B4%D0%BD%D1%8B%D0%B9_%D0%BB%D0%B5%D1%81%D0%BE%D0%BF%D0%B0%D1%80%D0%BA_(%D0%9C%D0%BE%D1%81%D0%BA%D0%B2%D0%B0),102,55.6575,37.5033
Ясенево,Ясеневский лесопарк,https://ru.wikipedia.org//wiki/%D0%AF%D1%81%D0%B5%D0%BD%D0%B5%D0%B2%D1%81%D0%BA%D0%B8%D0%B9_%D0%BB%D0%B5%D1%81%D0%BE%D0%BF%D0%B0%D1%80%D0%BA,25,55.594799,37.524758
Черёмушки,Парк 70-летия Победы,https://ru.wikipedia.org//wiki/%D0%9F%D0%B0%D1%80%D0%BA_70-%D0%BB%D0%B5%D1%82%D0%B8%D1%8F_%D0%9F%D0%BE%D0%B1%D0%B5%D0%B4%D1%8B,12,55.6647,37.57
Дорогомилово,Парк Победы,https://ru.wikipedia.org//wiki/%D0%9F%D0%B0%D1%80%D0%BA_%D0%9F%D0%BE%D0%B1%D0%B5%D0%B4%D1%8B_(%D0%9C%D0%BE%D1%81%D0%BA%D0%B2%D0%B0),98,55.73167,37.50667
Крылатское,Крылатские холмы,https://ru.wikipedia.org//wiki/%D0%9A%D1%80%D1%8B%D0%BB%D0%B0%D1%82%D1%81%D0%BA%D0%B8%D0%B5_%D1%85%D0%BE%D0%BB%D0%BC%D1%8B,175,55.7606,37.4248
Ново-Переделкино,Чоботовский лес,https://ru.wikipedia.org//wiki/%D0%A7%D0%BE%D0%B1%D0%BE%D1%82%D0%BE%D0%B2%D1%81%D0%BA%D0%B8%D0%B9_%D0%BB%D0%B5%D1%81,"40,2",55.6464,37.3617
"Очаково-Матвеевское, Фили-Давыдково",Матвеевский лес,https://ru.wikipedia.org//wiki/%D0%9C%D0%B0%D1%82%D0%B2%D0%B5%D0%B5%D0%B2%D1%81%D0%BA%D0%B8%D0%B9_%D0%BB%D0%B5%D1%81,100,55.72111,37.48778
Раменки,Парк 50-летия Октября,https://ru.wikipedia.org//wiki/%D0%9F%D0%B0%D1%80%D0%BA_50-%D0%BB%D0%B5%D1%82%D0%B8%D1%8F_%D0%9E%D0%BA%D1%82%D1%8F%D0%B1%D1%80%D1%8F_(%D0%9C%D0%BE%D1%81%D0%BA%D0%B2%D0%B0),80,55.6830611,37.5033306
Раменки,Воробьёвы горы,https://ru.wikipedia.org//wiki/%D0%92%D0%BE%D1%80%D0%BE%D0%B1%D1%8C%D1%91%D0%B2%D1%8B_%D0%B3%D0%BE%D1%80%D1%8B,106,55.71,37.545
Раменки,Ботанический сад МГУ,https://ru.wikipedia.org//wiki/%D0%91%D0%BE%D1%82%D0%B0%D0%BD%D0%B8%D1%87%D0%B5%D1%81%D0%BA%D0%B8%D0%B9_%D1%81%D0%B0%D0%B4_%D0%B1%D0%B8%D0%BE%D0%BB%D0%BE%D0%B3%D0%B8%D1%87%D0%B5%D1%81%D0%BA%D0%BE%D0%B3%D0%BE_%D1%84%D0%B0%D0%BA%D1%83%D0%BB%D1%8C%D1%82%D0%B5%D1%82%D0%B0_%D0%9C%D0%93%D0%A3,,55.7075,37.52722
Тропарёво-Никулино,Парк Школьников,https://ru.wikipedia.org//wiki/%D0%9F%D0%B0%D1%80%D0%BA_%D0%A8%D0%BA%D0%BE%D0%BB%D1%8C%D0%BD%D0%B8%D0%BA%D0%BE%D0%B2,20,55.6689,37.4597
Тропарёво-Никулино,Тропарёвский парк,https://ru.wikipedia.org//wiki/%D0%A2%D1%80%D0%BE%D0%BF%D0%B0%D1%80%D1%91%D0%B2%D1%81%D0%BA%D0%B8%D0%B9_%D0%BF%D0%B0%D1%80%D0%BA,138,55.64889,37.45944
Тропарёво-Никулино,Парк «Никулино»,https://ru.wikipedia.org//wiki/%D0%9F%D0%B0%D1%80%D0%BA_%C2%AB%D0%9D%D0%B8%D0%BA%D1%83%D0%BB%D0%B8%D0%BD%D0%BE%C2%BB,19,55.6575,37.4794
Проспект Вернадского,Парк Олимпийской деревни,https://ru.wikipedia.org//wiki/%D0%9F%D0%B0%D1%80%D0%BA_%D0%9E%D0%BB%D0%B8%D0%BC%D0%BF%D0%B8%D0%B9%D1%81%D0%BA%D0%BE%D0%B9_%D0%B4%D0%B5%D1%80%D0%B5%D0%B2%D0%BD%D0%B8,"53,66",55.6786,37.4767
Филёвский Парк,Филёвский парк,https://ru.wikipedia.org//wiki/%D0%A4%D0%B8%D0%BB%D1%91%D0%B2%D1%81%D0%BA%D0%B8%D0%B9_%D0%BF%D0%B0%D1%80%D0%BA,280,55.74,37.4619
Куркино,Природный парк «Куркино»,https://ru.wikipedia.org//wiki/%D0%9A%D1%83%D1%80%D0%BA%D0%B8%D0%BD%D0%BE_(%D0%BF%D0%B0%D1%80%D0%BA),"245,5",55.88861,37.37556
Митино,Ландшафтный парк «Митино»,https://ru.wikipedia.org//wiki/%D0%9B%D0%B0%D0%BD%D0%B4%D1%88%D0%B0%D1%84%D1%82%D0%BD%D1%8B%D0%B9_%D0%BF%D0%B0%D1%80%D0%BA_%C2%AB%D0%9C%D0%B8%D1%82%D0%B8%D0%BD%D0%BE%C2%BB,"126,8",55.8353778,37.36915
Митино,Новогорский лесопарк,https://ru.wikipedia.org//wiki/%D0%9D%D0%BE%D0%B2%D0%BE%D0%B3%D0%BE%D1%80%D1%81%D0%BA%D0%B8%D0%B9_%D0%BB%D0%B5%D1%81%D0%BE%D0%BF%D0%B0%D1%80%D0%BA,58,55.9053,37.3244
"Покровское-Стрешнево, Щукино",Покровское-Стрешнево,https://ru.wikipedia.org//wiki/%D0%9F%D0%BE%D0%BA%D1%80%D0%BE%D0%B2%D1%81%D0%BA%D0%BE%D0%B5-%D0%A1%D1%82%D1%80%D0%B5%D1%88%D0%BD%D0%B5%D0%B2%D0%BE_(%D0%BB%D0%B5%D1%81%D0%BE%D0%BF%D0%B0%D1%80%D0%BA),190,55.8222,37.475
Северное Тушино,Парк «Северное Тушино»,https://ru.wikipedia.org//wiki/%D0%A1%D0%B5%D0%B2%D0%B5%D1%80%D0%BD%D0%BE%D0%B5_%D0%A2%D1%83%D1%88%D0%B8%D0%BD%D0%BE_(%D0%BF%D0%B0%D1%80%D0%BA),"53,83",55.8542,37.4539
Хорошёво-Мнёвники,Серебряный Бор,https://ru.wikipedia.org//wiki/%D0%A1%D0%B5%D1%80%D0%B5%D0%B1%D1%80%D1%8F%D0%BD%D1%8B%D0%B9_%D0%91%D0%BE%D1%80,300,55.7803,37.4161
Хорошёво-Мнёвники,Москворецкий дендропарк,https://ru.wikipedia.org//wiki/%D0%9C%D0%BE%D1%81%D0%BA%D0%B2%D0%BE%D1%80%D0%B5%D1%86%D0%BA%D0%B8%D0%B9_%D0%B4%D0%B5%D0%BD%D0%B4%D1%80%D0%BE%D0%BF%D0%B0%D1%80%D0%BA,3,55.7564,37.4642
Южное Тушино,Сходненская чаша,https://ru.wikipedia.org//wiki/%D0%A1%D1%85%D0%BE%D0%B4%D0%BD%D0%B5%D0%BD%D1%81%D0%BA%D0%B0%D1%8F_%D1%87%D0%B0%D1%88%D0%B0,75,55.84472,37.41139
